Area,Delay,Score,Current Run,Episode,Verilog,Error
N/A,N/A,-1,0,0,"//Please finish designing the 64 bit multiplier module (multiplier_64) below.
//There are two 64 bit inputs (A and B) and a 128 bit output (product).
//The module should utilize the inputs (A and B) to determine the output product correctly in its implementation.
module multiplier_64(output [127:0] product, input [63:0] A, B);

reg [127:0] product;
reg [63:0] A;
reg [63:0] B;

always @(*) begin
    product = A * B;
end

endmodule",b'/mnt/shared-scratch/Rajendran_J/matthewdelorenzo/research/mcts_new/llama13b_intun_2048_dump_rand/3994089_multiplier_64/3994089_multiplier_64.v:7: error: Port A of module multiplier_64 is declared as input and as a reg type.\n/mnt/shared-scratch/Rajendran_J/matthewdelorenzo/research/mcts_new/llama13b_intun_2048_dump_rand/3994089_multiplier_64/3994089_multiplier_64.v:8: error: Port B of module multiplier_64 is declared as input and as a reg type.\n2 error(s) during elaboration.\n'
N/A,N/A,-0.1,1,0,"//Please finish designing the 64 bit multiplier module (multiplier_64) below.
//There are two 64 bit inputs (A and B) and a 128 bit output (product).
//The module should utilize the inputs (A and B) to determine the output product correctly in its implementation.
module multiplier_64(output [127:0] product, input [63:0] A, B);

//Your code goes here

endmodule",b'Test 1 failed\n'
N/A,N/A,-1,2,0,"//Please finish designing the 64 bit multiplier module (multiplier_64) below.
//There are two 64 bit inputs (A and B) and a 128 bit output (product).
//The module should utilize the inputs (A and B) to determine the output product correctly in its implementation.
module multiplier_64(output [127:0] product, input [63:0] A, B);

reg [127:0] product;
reg [63:0] A;
reg [63:0] B;

always @(*) begin
    product = A * B;
end

endmodule",b'/mnt/shared-scratch/Rajendran_J/matthewdelorenzo/research/mcts_new/llama13b_intun_2048_dump_rand/3994089_multiplier_64/3994089_multiplier_64.v:7: error: Port A of module multiplier_64 is declared as input and as a reg type.\n/mnt/shared-scratch/Rajendran_J/matthewdelorenzo/research/mcts_new/llama13b_intun_2048_dump_rand/3994089_multiplier_64/3994089_multiplier_64.v:8: error: Port B of module multiplier_64 is declared as input and as a reg type.\n2 error(s) during elaboration.\n'
N/A,N/A,-0.1,3,0,"//Please finish designing the 64 bit multiplier module (multiplier_64) below.
//There are two 64 bit inputs (A and B) and a 128 bit output (product).
//The module should utilize the inputs (A and B) to determine the output product correctly in its implementation.
module multiplier_64(output [127:0] product, input [63:0] A, B);

    //Implement the 64 bit multiplier module here

endmodule",b'Test 1 failed\n'
N/A,N/A,-1,4,0,"//Please finish designing the 64 bit multiplier module (multiplier_64) below.
//There are two 64 bit inputs (A and B) and a 128 bit output (product).
//The module should utilize the inputs (A and B) to determine the output product correctly in its implementation.
module multiplier_64(output [127:0] product, input [63:0] A, B);

    reg [127:0] product;
    reg [63:0] A, B;

    always @(*) begin
        product = 0;
        for (i = 0; i < 64; i = i + 1) begin
            if (B[i] == 1) begin
                product = product + (A << i);
            end
        end
    end

endmodule","b""/mnt/shared-scratch/Rajendran_J/matthewdelorenzo/research/mcts_new/llama13b_intun_2048_dump_rand/3994089_multiplier_64/3994089_multiplier_64.v:7: error: Port A of module multiplier_64 is declared as input and as a reg type.\n/mnt/shared-scratch/Rajendran_J/matthewdelorenzo/research/mcts_new/llama13b_intun_2048_dump_rand/3994089_multiplier_64/3994089_multiplier_64.v:7: error: Port B of module multiplier_64 is declared as input and as a reg type.\n/mnt/shared-scratch/Rajendran_J/matthewdelorenzo/research/mcts_new/llama13b_intun_2048_dump_rand/3994089_multiplier_64/3994089_multiplier_64.v:11: register ``i'' unknown in tb_multiplier_64.uut.\n/mnt/shared-scratch/Rajendran_J/matthewdelorenzo/research/mcts_new/llama13b_intun_2048_dump_rand/3994089_multiplier_64/3994089_multiplier_64.v:9: warning: @* found no sensitivities so it will never trigger.\n3 error(s) during elaboration.\n"""
N/A,N/A,-0.1,5,0,"//Please finish designing the 64 bit multiplier module (multiplier_64) below.
//There are two 64 bit inputs (A and B) and a 128 bit output (product).
//The module should utilize the inputs (A and B) to determine the output product correctly in its implementation.
module multiplier_64(output [127:0] product, input [63:0] A, B);

//Your code goes here

endmodule",b'Test 1 failed\n'
N/A,N/A,-1,6,0,"//Please finish designing the 64 bit multiplier module (multiplier_64) below.
//There are two 64 bit inputs (A and B) and a 128 bit output (product).
//The module should utilize the inputs (A and B) to determine the output product correctly in its implementation.
module multiplier_64(output [127:0] product, input [63:0] A, B);

reg [127:0] product;
reg [63:0] A;
reg [63:0] B;

always @(*) begin
    product = A * B;
end

endmodule",b'/mnt/shared-scratch/Rajendran_J/matthewdelorenzo/research/mcts_new/llama13b_intun_2048_dump_rand/3994089_multiplier_64/3994089_multiplier_64.v:7: error: Port A of module multiplier_64 is declared as input and as a reg type.\n/mnt/shared-scratch/Rajendran_J/matthewdelorenzo/research/mcts_new/llama13b_intun_2048_dump_rand/3994089_multiplier_64/3994089_multiplier_64.v:8: error: Port B of module multiplier_64 is declared as input and as a reg type.\n2 error(s) during elaboration.\n'
N/A,N/A,-1,7,0,"//Please finish designing the 64 bit multiplier module (multiplier_64) below.
//There are two 64 bit inputs (A and B) and a 128 bit output (product).
//The module should utilize the inputs (A and B) to determine the output product correctly in its implementation.
module multiplier_64(output [127:0] product, input [63:0] A, B);

    reg [127:0] product_reg;
    reg [63:0] A_reg, B_reg;
    reg [63:0] A_shifted, B_shifted;
    reg [63:0] A_shifted_reg, B_shifted_reg;
    reg [63:0] product_reg_shifted;
    reg [63:0] product_reg_shifted_reg;
    reg [63:0] product_reg_shifted_reg_reg;
    reg [63:0] product_reg_shifted_reg_reg_reg;
    reg [63:0] product_reg_shifted_reg_reg_reg_reg;
    reg [63:0] product_reg_shifted_reg_reg_reg_reg_reg;
    reg [63:0] product_reg_shifted_reg_reg_reg_reg_reg_reg;
    reg [63:0] product_reg_shifted_reg_reg_reg_reg_reg_reg_reg;
    reg [63:0] product_reg_shifted_reg_reg_reg_reg_reg_reg_reg_reg;
    reg [63:0] product_reg_shifted_reg_reg_reg_reg_reg_reg_reg_reg_reg;
    reg [63:0] product_reg_shifted_reg_reg_reg_reg_reg_reg_reg_reg_reg_reg;
    reg [63:0] product_reg_shifted_reg_reg_reg_reg_reg_reg_reg_reg_reg_reg_reg;
    reg [63:0] product_reg_shifted_reg_reg_reg_reg_reg_reg_reg_reg_reg_reg_reg_reg;
    reg [63:0] product_reg_shifted_reg_reg_reg_reg_reg_reg_reg_reg_reg_reg_reg_reg_reg;
    reg [63:0] product_reg_shifted_reg_reg_reg_reg_reg_reg_reg_reg_reg_reg_reg_reg_reg_reg;
    reg [63:0] product_reg_shifted_reg_reg_reg_reg_reg_reg_reg_reg_reg_reg_reg_reg_reg_reg_reg;
    reg [63:0] product_reg_shifted_reg_reg_reg_reg_reg_reg_reg_reg_reg_reg_reg_reg_reg_reg_reg_reg;
    reg [63:0] product_reg_shifted_reg_reg_reg_reg_reg_reg_reg_reg_reg_reg_reg_reg_reg_reg_reg_reg_reg;
    reg [63:0] product_reg_shifted_reg_reg_reg_reg_reg_reg_reg_reg_reg_reg_reg_reg_reg_reg_reg_reg_reg_reg;
    reg [63:0] product_reg_shifted_reg_reg_reg_reg_reg_reg_reg_reg_reg_reg_reg_reg_reg_reg_reg_reg_reg_reg_reg;
    reg [63:0] product_reg_shifted_reg_reg_reg_reg_reg_reg_reg_reg_reg_reg_reg_reg_reg_reg_reg_reg_reg_reg_reg_reg;
    reg [63:0] product_reg_shifted_reg_reg_reg_reg_reg_reg_reg_reg_reg_reg_reg_reg_reg_reg_reg_reg_reg_reg_reg_reg_reg;
    reg [63:0] product_reg_shifted_reg_reg_reg_reg_reg_reg_reg_reg_reg_reg_reg_reg_reg_reg_reg_reg_reg_reg_reg_reg_reg_reg;
    reg [63:0] product_reg_shifted_reg_reg_reg_reg_reg_reg_reg_reg_reg_reg_reg_reg_reg_reg_reg_reg_reg_reg_reg_reg_reg_reg_reg;
    reg [63:0] product_reg_shifted_reg_reg_reg_reg_reg_reg_reg_reg_reg_reg_reg_reg_reg_reg_reg_reg_reg_reg_reg_reg_reg_reg_reg_reg;
    reg [63:0] product_reg_shifted_reg_reg_reg_reg_reg_reg_reg_reg_reg_reg_reg_reg_reg_reg_reg_reg_reg_reg_reg_reg_reg_reg_reg_reg_reg;
    reg [63:0] product_reg_shifted_reg_reg_reg_reg_reg_reg_reg_reg_reg_reg_reg_reg_reg_reg_reg_reg_reg_reg_reg_reg_reg_reg_reg_reg_reg;
    reg [63:0] product_reg_shifted_reg_reg_reg_reg_reg_reg_reg_reg_reg_reg_reg_reg_reg_reg_reg_reg_reg_reg_reg_reg_reg_reg_reg_reg_reg_reg;
    reg [63:0] product_reg_shifted_reg_reg_reg_reg_reg_reg_reg_reg_reg_reg_reg_reg_reg_reg_reg_reg_reg_reg_reg_reg_reg_reg_reg_reg_reg_reg_reg;
    reg [63:0] product_reg_shifted_reg_reg_reg_reg_reg_reg_reg_reg_reg_reg_reg_reg_reg_reg_reg_reg_reg_reg_reg_reg_reg_reg_reg_reg_reg_reg_reg_reg;
    reg [63:0] product_reg_shifted_reg_reg_reg_reg_reg_reg_reg_reg_reg_reg_reg_reg_reg_reg_reg_reg_reg_reg_reg_reg_reg_reg_reg_reg_reg_reg_reg_reg;
    reg [63:0] product_reg_shifted_reg_reg_reg_reg_reg_reg_reg_reg_reg_reg_reg_reg_reg_reg_reg_reg_reg_reg_reg_reg_reg_reg_reg_reg_reg_reg_reg_reg_reg;
    reg [63:0] product_reg_shifted_reg_reg_reg_reg_reg_reg_reg_reg_reg_reg_reg_reg_reg_reg_reg_reg_reg_reg_reg_reg_reg_reg_reg_reg_reg_reg_reg_reg_reg_reg;
    reg [63:0] product_reg_shifted_reg_reg_reg_reg_reg_reg_reg_reg_reg_reg_reg_reg_reg_reg_reg_reg_reg_reg_reg_reg_reg_reg_reg_reg_reg_reg_reg_reg_reg_reg_reg;
    reg [63:0] product_reg_shifted_reg_reg_reg_reg_reg_reg_reg_reg_reg_reg_reg_reg_reg_reg_reg_reg_reg_reg_reg_reg_reg_reg_reg_reg_reg_reg_reg_reg_reg_reg_reg;
    reg [63:0] product_reg_shifted_reg_reg_reg_reg_reg_reg_reg_reg_reg_reg_reg_reg_reg_reg_reg_reg_reg_reg_reg_reg_reg_reg_reg_reg_reg_reg_reg_reg_reg_reg_reg_reg;
    reg [63:0] product_reg_shifted_reg_reg_reg_reg_reg_reg_reg_reg_reg_reg_reg_reg_reg_reg_reg_reg_reg_reg_reg_reg_reg_reg_reg_reg_reg_reg_reg_reg_reg_reg_reg_reg_reg;
    reg [63:0] product_reg_shifted_reg_reg_reg_reg_reg_reg_reg_reg_reg_reg_reg_reg_reg_reg_reg_reg_reg_reg_reg_reg_reg_reg_reg_reg_reg_reg_reg_reg_reg_reg_reg_reg_reg_reg;
    reg [63:0]","b""/mnt/shared-scratch/Rajendran_J/matthewdelorenzo/research/mcts_new/llama13b_intun_2048_dump_rand/3994089_multiplier_64/3994089_multiplier_64.v:36: error: 'product_reg_shifted_reg_reg_reg_reg_reg_reg_reg_reg_reg_reg_reg_reg_reg_reg_reg_reg_reg_reg_reg_reg_reg_reg_reg_reg_reg' has already been declared in this scope.\n/mnt/shared-scratch/Rajendran_J/matthewdelorenzo/research/mcts_new/llama13b_intun_2048_dump_rand/3994089_multiplier_64/3994089_multiplier_64.v:35:      : It was declared here as a variable.\n/mnt/shared-scratch/Rajendran_J/matthewdelorenzo/research/mcts_new/llama13b_intun_2048_dump_rand/3994089_multiplier_64/3994089_multiplier_64.v:40: error: 'product_reg_shifted_reg_reg_reg_reg_reg_reg_reg_reg_reg_reg_reg_reg_reg_reg_reg_reg_reg_reg_reg_reg_reg_reg_reg_reg_reg_reg_reg_reg' has already been declared in this scope.\n/mnt/shared-scratch/Rajendran_J/matthewdelorenzo/research/mcts_new/llama13b_intun_2048_dump_rand/3994089_multiplier_64/3994089_multiplier_64.v:39:      : It was declared here as a variable.\n/mnt/shared-scratch/Rajendran_J/matthewdelorenzo/research/mcts_new/llama13b_intun_2048_dump_rand/3994089_multiplier_64/3994089_multiplier_64.v:44: error: 'product_reg_shifted_reg_reg_reg_reg_reg_reg_reg_reg_reg_reg_reg_reg_reg_reg_reg_reg_reg_reg_reg_reg_reg_reg_reg_reg_reg_reg_reg_reg_reg_reg_reg' has already been declared in this scope.\n/mnt/shared-scratch/Rajendran_J/matthewdelorenzo/research/mcts_new/llama13b_intun_2048_dump_rand/3994089_multiplier_64/3994089_multiplier_64.v:43:      : It was declared here as a variable.\n/mnt/shared-scratch/Rajendran_J/matthewdelorenzo/research/mcts_new/llama13b_intun_2048_dump_rand/3994089_multiplier_64/3994089_multiplier_64.v:48: syntax error\nI give up.\n"""
N/A,N/A,-1,8,0,"//Please finish designing the 64 bit multiplier module (multiplier_64) below.
//There are two 64 bit inputs (A and B) and a 128 bit output (product).
//The module should utilize the inputs (A and B) to determine the output product correctly in its implementation.
module multiplier_64(output [127:0] product, input [63:0] A, B);

    reg [127:0] product_reg;
    reg [63:0] A_reg, B_reg;
    reg [63:0] temp_reg;
    reg [63:0] temp_reg2;
    reg [63:0] temp_reg3;
    reg [63:0] temp_reg4;
    reg [63:0] temp_reg5;
    reg [63:0] temp_reg6;
    reg [63:0] temp_reg7;
    reg [63:0] temp_reg8;
    reg [63:0] temp_reg9;
    reg [63:0] temp_reg10;
    reg [63:0] temp_reg11;
    reg [63:0] temp_reg12;
    reg [63:0] temp_reg13;
    reg [63:0] temp_reg14;
    reg [63:0] temp_reg15;
    reg [63:0] temp_reg16;
    reg [63:0] temp_reg17;
    reg [63:0] temp_reg18;
    reg [63:0] temp_reg19;
    reg [63:0] temp_reg20;
    reg [63:0] temp_reg21;
    reg [63:0] temp_reg22;
    reg [63:0] temp_reg23;
    reg [63:0] temp_reg24;
    reg [63:0] temp_reg25;
    reg [63:0] temp_reg26;
    reg [63:0] temp_reg27;
    reg [63:0] temp_reg28;
    reg [63:0] temp_reg29;
    reg [63:0] temp_reg30;
    reg [63:0] temp_reg31;
    reg [63:0] temp_reg32;
    reg [63:0] temp_reg33;
    reg [63:0] temp_reg34;
    reg [63:0] temp_reg35;
    reg [63:0] temp_reg36;
    reg [63:0] temp_reg37;
    reg [63:0] temp_reg38;
    reg [63:0] temp_reg39;
    reg [63:0] temp_reg40;
    reg [63:0] temp_reg41;
    reg [63:0] temp_reg42;
    reg [63:0] temp_reg43;
    reg [63:0] temp_reg44;
    reg [63:0] temp_reg45;
    reg [63:0] temp_reg46;
    reg [63:0] temp_reg47;
    reg [63:0] temp_reg48;
    reg [63:0] temp_reg49;
    reg [63:0] temp_reg50;
    reg [63:0] temp_reg51;
    reg [63:0] temp_reg52;
    reg [63:0] temp_reg53;
    reg [63:0] temp_reg54;
    reg [63:0] temp_reg55;
    reg [63:0] temp_reg56;
    reg [63:0] temp_reg57;
    reg [63:0] temp_reg58;
    reg [63:0] temp_reg59;
    reg [63:0] temp_reg60;
    reg [63:0] temp_reg61;
    reg [63:0] temp_reg62;
    reg [63:0] temp_reg63;
    reg [63:0] temp_reg64;
    reg [63:0] temp_reg65;
    reg [63:0] temp_reg66;
    reg [63:0] temp_reg67;
    reg [63:0] temp_reg68;
    reg [63:0] temp_reg69;
    reg [63:0] temp_reg70;
    reg [63:0] temp_reg71;
    reg [63:0] temp_reg72;
    reg [63:0] temp_reg73;
    reg [63:0] temp_reg74;
    reg [63:0] temp_reg75;
    reg [63:0] temp_reg76;
    reg [63:0] temp_reg77;
    reg [63:0] temp_reg78;
    reg [63:0] temp_reg79;
    reg [63:0] temp_reg80;
    reg [63:0] temp_reg81;
    reg [63:0] temp_reg82;
    reg [63:0] temp_reg83;
    reg [63:0] temp_reg84;
    reg [63:0] temp_reg85;
    reg [63:0] temp_reg86;
    reg [63:0] temp_reg87;
    reg [63:0] temp_reg88;
    reg [63:0] temp_reg89;
    reg [63:0] temp_reg90;
    reg [63:0] temp_reg91;
    reg [63:0] temp_reg92;
    reg [63:0] temp_reg93;
    reg [63:0] temp_reg94;
    reg [63:0] temp_reg95;
    reg [63:0] temp_reg96;
    reg [63:0] temp_reg97;
    reg [63:0] temp_reg98;
    reg [63:0] temp_reg99;
    reg [63:0] temp_reg100;
    reg [63:0] temp_reg101;
    reg [63:0] temp_reg102;
    reg [63:0] temp_reg103;
    reg [63:0] temp_reg104;
    reg [63:0] temp_reg105;
    reg [63:0] temp_reg106;
    reg [63:0] temp_reg107;
    reg [63:0] temp_reg108;
    reg [63:0] temp_reg109;
    reg [63:0] temp_reg110;
    reg [63:0] temp_reg111;
    reg [63:0] temp_reg112;
    reg [63:0] temp_reg113;
    reg [63:0] temp_reg114;
    reg [63:0] temp_reg115;
    reg [63:0] temp_reg116;
    reg [63:0] temp_reg117;
    reg [63:0] temp_reg118;
    reg [63:0] temp_reg119;
    reg [63:0] temp_reg120;
    reg [63:0] temp_reg121;
    reg [63:0] temp_reg122;
    reg [63:0] temp_reg123;
    reg [63:0] temp_reg124;
    reg [63:0] temp_reg125;
    reg [63:0] temp_reg126;
    reg [63:0] temp_reg127;
    reg [63:0] temp_reg128;
    reg [63:0] temp_reg129;
    reg [63:0] temp_reg130;
    reg [63:0] temp_reg131;
    reg [63:0] temp_reg132;
    reg [63:0] temp_reg13","b""/mnt/shared-scratch/Rajendran_J/matthewdelorenzo/research/mcts_new/llama13b_intun_2048_dump_rand/3994089_multiplier_64/3994089_multiplier_64.v:140: error: 'temp_reg13' has already been declared in this scope.\n/mnt/shared-scratch/Rajendran_J/matthewdelorenzo/research/mcts_new/llama13b_intun_2048_dump_rand/3994089_multiplier_64/3994089_multiplier_64.v:20:      : It was declared here as a variable.\n/mnt/shared-scratch/Rajendran_J/matthewdelorenzo/research/mcts_new/llama13b_intun_2048_dump_rand/3994089_multiplier_64/3994089_multiplier_64.v:140: syntax error\nI give up.\n"""
N/A,N/A,-0.1,9,0,"//Please finish designing the 64 bit multiplier module (multiplier_64) below.
//There are two 64 bit inputs (A and B) and a 128 bit output (product).
//The module should utilize the inputs (A and B) to determine the output product correctly in its implementation.
module multiplier_64(output [127:0] product, input [63:0] A, B);

//Implement the 64 bit multiplier module here

endmodule",b'Test 1 failed\n'
